Axle_Number,Wheel_Impact_Left(KN),Wheel_Impact_Right(KN),Flat_Wheel
24,75,38,No
40,73,29,No
47,136,39,No
63,111,29,No
71,171,2,No
98,92,61,No
0,107,44,No
5,110,2,No
12,112,108,No
16,100,118,No
23,78,115,No
25,71,124,No
36,82,118,No
40,69,118,No
47,133,1,No
49,111,35,No
62,112,119,No
63,177,34,No
72,168,108,No
74,132,126,No
88,112,34,No
89,126,1,No
95,100,129,No
99,88,1,No
1,14,115,No
2,3,115,No
3,11,121,No
4,4,29,No
5,8,30,No
6,10,36,No
7,12,33,No
8,8,2,No
9,18,116,No
10,10,125,No
11,56,125,No
12,41,115,No
12,41,36,No
13,37,127,No
14,112,127,No
15,95,114,No
16,61,33,No
17,40,2,No
18,60,2,No
19,21,2,No
20,13,110,No
21,78,30,No
22,10,35,No
23,67,109,No
24,23,114,No
25,13,37,No
27,12,116,No
26,64,111,No
28,7,117,No
29,16,112,No
30,87,4,No
31,32,4,No
32,14,118,No
33,5,31,No
34,17,33,No
35,49,119,No
36,13,30,No
37,15,5,No
38,8,5,No
39,14,123,No
40,7,34,No
42,22,7,No
42,22,7,No
43,7,116,No
44,8,107,No
45,3,35,No
46,7,10,No
47,12,10,No
48,10,10,No
49,13,102,No
50,8,30,No
51,8,105,No
52,13,112,No
53,12,35,No
54,13,7,No
55,38,114,No
56,62,108,No
57,12,6,No
58,18,119,No
59,99,112,No
60,64,37,No
61,52,5,No
63,155,123,No
63,24,4,No
64,33,111,No
66,29,36,No
66,88,3,No
67,13,120,No
68,9,109,No
69,11,34,No
70,9,117,No
71,9,29,No
72,15,31,No
73,7,2,No
74,12,117,No
75,9,117,No
76,6,117,No
77,25,120,No
78,20,2,No
79,16,2,No
80,9,33,No
82,6,117,No
82,19,117,No
83,72,102,No
84,28,36,No
85,20,2,No
86,67,110,No
87,79,110,No
88,18,125,No
89,16,2,No
90,55,121,No
90,55,34,No
91,30,37,No
92,13,2,No
93,28,123,No
0,16,108,No
1,10,108,No
8,10,118,No
11,22,122,No
13,13,2,No
21,16,115,No
28,13,115,No
36,10,30,No
37,12,32,No
43,16,33,No
46,11,3,No
60,24,118,No
61,10,37,No
69,8,3,No
84,14,108,No
88,10,108,No
95,12,124,No
96,15,119,No
1,13,34,No
4,14,4,No
5,12,110,No
6,19,114,No
7,10,31,No
9,8,3,No
11,17,118,No
12,8,114,No
13,11,109,No
17,15,27,No
19,15,3,No
20,13,126,No
22,10,126,No
24,72,31,No
25,23,113,No
26,92,33,No
28,32,100,No
29,32,100,No
30,112,114,No
31,16,7,No
32,76,106,No
33,14,38,No
35,83,110,No
38,16,40,No
38,145,115,No
40,64,44,No
41,35,4,No
42,27,120,No
43,50,39,No
44,35,116,No
45,49,119,No
46,62,108,No
47,18,113,No
48,8,32,No
49,16,114,No
50,24,4,No
51,19,107,No
52,7,30,No
53,16,121,No
55,8,113,No
57,19,34,No
58,14,4,No
60,56,120,No
61,35,117,No
62,17,37,No
63,31,115,No
64,43,122,No
65,14,33,No
66,12,4,No
67,16,120,No
68,10,30,No
69,11,3,No
70,16,110,No
73,51,117,No
73,25,121,No
74,27,120,No
76,19,35,No
77,13,37,No
78,23,119,No
79,21,107,No
80,50,129,No
81,16,3,No
82,31,113,No
83,21,105,No
84,11,37,No
85,49,32,No
86,13,119,No
87,37,119,No
88,41,39,No
89,18,35,No
90,15,123,No
91,25,31,No
92,18,33,No
93,30,3,No
94,34,108,No
4,125,109,No
14,119,127,No
18,119,102,No
39,82,108,No
66,93,119,No
71,76,107,No
74,75,3,No
89,62,103,No
96,77,109,No
1,126,109,No
2,112,36,No
3,128,33,No
4,120,2,No
5,112,122,No
6,116,4,No
8,91,107,No
8,83,126,No
9,84,36,No
13,84,112,No
14,97,112,No
15,75,122,No
16,75,32,No
17,60,2,No
18,79,96,No
22,75,116,No
23,90,5,No
24,140,109,No
25,87,109,No
26,163,100,No
28,92,31,No
29,100,101,No
29,172,127,No
31,76,113,No
32,141,34,No
33,76,3,No
35,139,107,No
36,117,5,No
37,83,109,No
38,75,99,No
39,205,115,No
40,128,36,No
41,108,119,No
42,91,122,No
43,120,2,No
44,105,105,No
45,113,126,No
46,127,126,No
47,80,34,No
48,69,5,No
49,90,107,No
50,93,130,No
51,88,0,No
52,71,107,No
54,70,31,No
54,78,105,No
56,72,130,No
57,75,119,No
58,67,5,No
60,117,102,No
61,100,131,No
61,76,33,No
63,98,2,No
64,109,103,No
65,74,103,No
66,74,137,No
69,73,119,No
71,114,101,No
71,126,124,No
72,120,37,No
74,92,5,No
75,90,2,No
76,80,103,No
78,89,133,No
79,83,105,No
79,112,124,No
81,83,105,No
82,98,130,No
83,85,112,No
84,71,35,No
84,119,4,No
85,75,109,No
86,109,107,No
88,114,135,No
88,88,34,No
90,83,131,No
91,92,105,No
91,85,2,No
92,101,105,No
1,102,31,No
1,112,4,No
2,106,103,No
3,112,107,No
5,117,112,No
6,111,113,No
7,105,122,No
8,98,132,No
9,94,34,No
11,105,3,No
12,103,97,No
12,105,125,No
13,101,37,No
14,102,5,No
14,98,103,No
17,97,120,No
17,98,34,No
18,111,124,No
20,111,109,No
21,106,31,No
22,101,113,No
23,102,130,No
24,101,107,No
25,97,2,No
27,97,138,No
27,100,5,No
28,103,99,No
29,99,115,No
29,101,115,No
30,103,105,No
31,104,33,No
32,105,2,No
32,105,118,No
33,107,35,No
33,108,5,No
34,105,122,No
34,111,96,No
36,103,96,No
38,96,3,No
40,102,105,No
40,106,129,No
42,104,35,No
44,100,5,No
45,114,101,No
46,107,104,No
47,109,100,No
49,108,100,No
51,108,0,No
51,108,32,No
52,107,106,No
52,98,131,No
54,107,105,No
56,104,29,No
58,104,5,No
59,99,108,No
61,100,108,No
62,103,33,No
63,112,107,No
65,104,133,No
67,94,125,No
69,103,35,No
70,100,5,No
71,109,3,No
71,107,109,No
74,99,37,No
75,111,124,No
76,109,33,No
77,104,2,No
79,102,111,No
82,95,30,No
83,116,35,No
84,110,6,No
84,106,118,No
86,106,108,No
87,111,93,No
87,108,31,No
89,110,34,No
90,105,3,No
91,98,103,No
92,102,109,No
93,98,113,No
94,102,38,No
94,98,116,No
96,103,95,No
98,106,35,No
99,109,5,No
101,101,120,No
104,105,2,No
105,98,123,No
106,96,32,No
107,106,5,No
110,101,110,No
111,99,120,No
113,108,36,No
116,104,101,No
117,109,121,No
120,114,2,No
121,100,106,No
123,110,99,No
125,106,5,No
126,101,105,No
127,110,105,No
130,116,31,No
131,109,110,No
133,118,114,No
133,108,3,No
135,111,128,No
138,107,107,No
139,108,100,No
140,106,101,No
142,101,30,No
143,105,5,No
146,99,114,No
148,113,126,No
150,103,36,No
151,97,114,No
152,112,120,No
152,113,103,No
153,103,3,No
154,105,127,No
156,109,42,No
156,107,109,No
157,105,117,No
158,103,119,No
160,101,41,No
161,103,104,No
161,103,5,No
162,102,123,No
163,105,125,No
164,107,115,No
165,107,34,No
166,105,3,No
168,109,108,No
168,99,108,No
170,101,37,No
171,109,5,No
173,112,108,No
173,112,110,No
174,107,105,No
176,103,34,No
178,108,1,No
178,109,31,No
179,35,49,No
180,32,34,No
182,37,33,No
1,11,99,No
1,6,128,No
2,9,107,No
3,8,4,No
5,8,101,No
7,11,27,No
9,15,129,No
9,15,106,No
10,12,53,No
11,77,49,No
12,36,3,No
13,43,38,No
14,78,104,No
15,25,54,No
16,18,37,No
17,17,101,No
18,61,100,No
19,12,51,No
20,17,37,No
21,56,106,No
22,25,124,No
23,70,118,No
24,28,102,No
26,71,49,No
27,9,50,No
29,19,3,No
29,56,5,No
31,12,96,No
32,19,34,No
33,13,135,No
34,8,105,No
35,39,48,No
36,19,34,No
37,13,98,No
39,14,49,No
40,14,120,No
41,19,50,No
42,10,29,No
44,35,33,No
45,11,3,No
47,10,105,No
48,15,124,No
49,11,109,No
50,15,48,No
51,16,35,No
52,13,1,No
54,15,49,No
55,60,128,No
56,68,114,No
57,14,45,No
58,23,135,No
59,141,103,No
60,78,43,No
61,64,36,No
62,92,4,No
63,114,101,No
64,30,49,No
65,13,128,No
66,21,44,No
67,24,34,No
68,15,78,No
69,15,49,No
70,86,98,No
72,11,31,No
73,14,2,No
75,13,88,No
77,21,109,No
77,21,46,No
79,12,119,No
80,12,109,No
82,14,44,No
83,108,71,No
84,23,92,No
85,13,106,No
86,33,50,No
86,69,109,No
89,11,44,No
89,11,34,No
90,51,3,No
91,15,66,No
93,25,11,No
93,30,122,No
0,111,76,No
1,127,44,No
3,128,38,No
3,115,1,No
4,113,112,No
4,114,9,No
5,115,15,No
7,46,77,No
8,46,103,No
9,51,49,No
10,51,78,No
11,46,45,No
12,46,45,No
13,49,35,No
14,46,87,No
15,56,17,No
16,58,100,No
16,53,12,No
18,52,52,No
19,48,116,No
19,51,98,No
20,51,81,No
21,51,43,No
22,49,4,No
23,51,89,No
24,46,56,No
26,51,34,No
27,56,102,No
28,56,98,No
29,46,46,No
29,43,124,No
31,52,76,No
32,56,86,No
33,53,41,No
34,51,31,No
35,54,33,No
36,53,80,No
36,48,28,No
38,51,30,No
38,56,98,No
39,47,25,No
41,49,30,No
42,49,50,No
43,50,114,No
44,46,125,No
46,51,83,No
47,46,104,No
49,46,45,No
50,54,34,No
51,49,2,No
51,51,85,No
52,46,20,No
54,50,16,No
56,46,13,No
56,47,18,No
57,49,101,No
59,46,102,No
60,49,49,No
61,47,106,No
62,47,142,No
63,47,50,No
65,46,6,No
65,49,81,No
66,53,9,No
67,48,30,No
68,48,25,No
70,49,92,No
70,47,85,No
71,47,98,No
72,48,15,No
73,48,51,No
75,46,133,No
76,46,110,No
77,48,100,No
78,45,124,No
79,45,49,No
80,45,34,No
81,47,35,No
82,49,83,No
83,49,7,No
84,44,8,No
85,49,78,No
86,50,13,No
87,46,55,No
88,45,55,No
89,46,15,No
90,45,83,No
91,51,105,No
92,49,51,No
93,50,45,No
94,46,108,No
95,52,133,No
96,49,112,No
98,50,53,No
99,46,81,No
100,49,74,No
101,49,49,No
103,49,33,No
105,49,3,No
106,34,78,No
108,37,19,No
109,38,126,No
110,27,16,No
112,31,18,No
1,105,62,No
2,123,110,No
4,107,11,No
5,122,11,No
5,128,46,No
7,109,50,No
9,132,88,No
12,112,71,No
14,120,29,No
15,136,6,No
16,124,91,No
18,120,13,No
19,128,10,No
20,114,8,No
21,110,81,No
23,135,9,No
24,129,13,No
25,103,112,No
27,138,18,No
27,125,10,No
29,123,41,No
29,124,114,No
30,120,88,No
31,128,45,No
32,122,119,No
34,124,108,No
35,124,113,No
38,124,81,No
39,118,62,No
42,133,47,No
43,107,45,No
45,114,31,No
46,124,91,No
49,121,14,No
50,118,70,No
52,119,8,No
53,126,9,No
54,129,79,No
56,115,37,No
57,118,111,No
58,121,108,No
61,116,46,No
61,116,120,No
62,113,98,No
63,127,79,No
64,117,111,No
66,127,45,No
68,108,35,No
69,120,33,No
70,130,2,No
72,126,90,No
72,121,7,No
74,116,12,No
75,122,75,No
75,128,7,No
77,116,10,No
78,130,67,No
80,132,13,No
81,112,109,No
82,115,106,No
83,120,33,No
84,124,69,No
85,128,50,No
86,127,127,No
87,120,115,No
88,119,116,No
90,108,84,No
90,133,77,No
91,133,47,No
93,114,4,No
93,125,72,No
95,116,9,No
97,122,20,No
99,119,49,No
101,128,75,No
102,135,13,No
103,128,49,No
104,124,128,No
105,120,109,No
106,135,109,No
107,124,73,No
107,118,47,No
108,101,37,No
110,129,3,No
111,128,77,No
114,108,10,No
114,108,10,No
115,123,68,No
117,117,8,No
119,114,28,No
119,120,14,No
120,126,11,No
122,128,71,No
123,114,119,No
124,105,110,No
125,99,106,No
127,120,23,No
129,120,44,No
131,113,124,No
132,103,104,No
136,124,80,No
138,133,79,No
140,131,71,No
142,104,47,No
143,129,39,No
144,122,4,No
146,115,88,No
146,115,14,No
147,138,62,No
148,130,12,No
149,124,72,No
151,125,21,No
152,122,85,No
155,131,116,No
156,135,108,No
157,130,49,No
158,133,120,No
161,137,119,No
162,131,73,No
163,130,83,No
165,130,87,No
166,126,47,No
167,119,3,No
170,127,112,No
171,109,37,No
174,126,71,No
175,122,9,No
177,108,6,No
177,119,19,No
178,127,31,No
180,119,98,No
181,113,95,No
182,119,14,No
183,121,49,No
184,110,115,No
184,117,133,No
187,117,84,No
189,121,67,No
192,119,85,No
193,116,49,No
195,115,33,No
198,100,36,No
198,100,4,No
200,126,75,No
200,126,9,No
201,114,16,No
205,108,83,No
205,108,47,No
205,124,112,No
207,118,108,No
210,118,90,No
211,123,72,No
214,110,74,No
214,110,31,No
215,117,69,No
215,117,14,No
217,117,76,No
217,117,68,No
217,117,10,No
219,120,9,No
221,123,50,No
222,119,12,No
223,114,45,No
224,112,132,No
226,102,103,No
227,116,125,No
228,123,70,No
230,118,101,No
231,111,48,No
232,116,45,No
233,109,3,No
236,114,75,No
237,127,14,No
237,127,76,No
239,116,10,No
241,115,10,No
241,115,16,No
243,108,21,No
246,118,83,No
246,118,112,No
247,115,102,No
248,108,12,No
249,61,45,No
1,126,131,No
2,132,77,No
3,115,107,No
4,117,48,No
5,120,4,No
7,57,92,No
8,63,17,No
9,69,24,No
10,68,72,No
11,82,14,No
12,69,20,No
13,84,23,No
14,76,89,No
15,59,45,No
16,64,130,No
17,76,117,No
18,88,134,No
19,72,70,No
20,68,78,No
21,67,47,No
22,68,36,No
23,72,33,No
24,73,32,No
25,64,3,No
26,69,76,No
27,72,72,No
28,72,18,No
29,72,25,No
30,80,13,No
31,78,104,No
32,79,21,No
33,72,21,No
34,74,48,No
35,79,116,No
36,101,67,No
37,97,80,No
39,67,164,No
40,69,49,No
41,72,112,No
42,72,45,No
43,99,82,No
44,91,13,No
45,90,16,No
46,80,6,No
48,48,19,No
49,54,80,No
50,54,109,No
51,62,46,No
52,54,59,No
53,73,74,No
54,62,91,No
1,123,47,No
2,116,4,No
4,124,73,No
5,113,75,No
9,119,14,No
9,119,74,No
12,125,10,No
12,92,11,No
14,100,9,No
14,96,90,No
15,91,111,No
16,92,13,No
18,96,46,No
19,102,122,No
21,98,128,No
21,106,106,No
22,106,61,No
23,98,61,No
24,97,72,No
26,106,93,No
26,113,49,No
27,97,38,No
28,101,3,No
29,119,73,No
30,110,7,No
32,104,66,No
33,109,11,No
34,117,9,No
36,105,132,No
37,94,12,No
38,101,27,No
39,107,75,No
40,106,92,No
41,101,99,No
43,100,116,No
44,104,117,No
45,113,73,No
46,111,83,No
47,108,50,No
49,101,37,No
50,109,3,No
52,107,6,No
54,122,7,No
55,102,7,No
55,107,15,No
57,107,68,No
59,120,9,No
59,92,11,No
60,95,7,No
61,36,51,No
64,29,25,No
65,107,14,No
66,111,48,No
67,103,105,No
68,100,61,No
69,103,80,No
71,118,160,No
71,114,47,No
73,105,34,No
74,117,75,No
75,106,68,No
78,117,9,No
80,103,168,No
81,108,15,No
82,133,120,No
83,119,11,No
84,104,48,No
85,109,126,No
86,115,121,No
88,108,54,No
90,112,68,No
91,110,80,No
94,124,50,No
95,98,3,No
98,109,75,No
99,109,8,No
100,98,8,No
102,103,8,No
103,114,79,No
104,109,9,No
106,105,171,No
107,102,9,No
108,100,76,No
109,104,114,No
110,106,126,No
111,107,109,No
113,110,107,No
113,105,47,No
115,125,118,No
115,115,114,No
117,119,53,No
118,127,79,No
119,103,79,No
121,101,47,No
122,107,32,No
124,105,3,No
126,121,75,No
128,123,7,No
130,95,81,No
133,93,9,No
133,31,9,No
136,33,16,No
137,109,100,No
138,125,86,No
139,108,49,No
140,105,47,No
142,100,130,No
142,100,61,No
144,96,75,No
144,96,71,No
145,118,103,No
146,105,46,No
148,107,35,No
149,109,74,No
150,120,5,No
152,132,6,No
153,107,8,No
155,105,76,No
157,112,21,No
158,105,12,No
158,124,11,No
160,124,8,No
161,119,11,No
163,119,73,No
166,126,103,No
167,122,15,No
168,115,120,No
169,107,103,No
170,113,61,No
171,100,73,No
172,96,74,No
172,116,161,No
173,122,39,No
176,109,67,No
176,109,73,No
177,107,8,No
178,102,94,No
179,123,17,No
180,119,9,No
181,105,10,No
182,107,15,No
182,129,48,No
183,120,108,No
185,120,100,No
186,115,55,No
186,122,70,No
188,120,85,No
189,113,49,No
190,107,72,No
191,114,6,No
192,108,80,No
192,113,26,No
194,120,13,No
196,110,16,No
197,106,94,No
198,114,24,No
199,113,48,No
201,109,103,No
202,118,70,No
204,110,143,No
204,114,47,No
205,119,35,No
209,115,4,No
209,115,70,No
210,122,9,No
211,108,78,No
211,108,39,No
213,121,29,No
214,125,88,No
215,102,12,No
217,120,93,No
218,117,74,No
219,109,21,No
220,111,53,No
222,112,127,No
223,108,111,No
225,105,59,No
227,107,57,No
229,119,148,No
231,117,120,No
231,112,49,No
233,114,33,No
235,110,67,No
238,115,9,No
239,125,73,No
239,125,14,No
241,121,14,No
242,129,74,No
243,126,104,No
244,119,13,No
247,124,46,No
248,118,49,No
249,44,107,No
251,39,76,No
252,38,163,No
0,121,124,No
2,129,44,No
3,121,31,No
4,122,66,No
5,126,11,No
6,118,12,No
7,78,33,No
9,78,43,No
10,86,109,No
11,68,30,No
12,68,117,No
13,69,29,No
14,62,66,No
15,65,79,No
16,71,96,No
17,52,50,No
18,61,34,No
20,77,4,No
21,54,83,No
22,60,22,No
23,114,69,No
24,136,9,No
25,127,111,No
26,109,177,No
27,112,155,No
28,56,24,No
29,133,31,No
30,142,98,No
30,142,112,No
31,51,114,No
33,68,47,No
34,69,127,No
35,61,60,No
36,63,131,No
37,84,119,No
38,69,47,No
39,55,4,No
40,62,3,No
41,61,111,No
41,58,46,No
43,79,65,No
44,76,15,No
45,124,112,No
46,114,17,No
47,92,103,No
48,130,92,No
50,68,47,No
51,58,113,No
52,58,71,No
53,101,132,No
54,96,87,No
55,64,49,No
56,71,38,No
57,53,5,No
59,59,86,No
59,59,24,No
60,58,75,No
61,154,95,No
62,71,52,No
63,60,10,No
64,66,35,No
65,76,100,No
66,59,76,No
66,57,100,No
68,55,64,No
69,61,47,No
70,61,116,No
71,53,116,No
72,54,36,No
73,61,154,No
75,61,134,No
75,61,80,No
76,59,46,No
77,67,39,No
78,134,106,No
79,131,43,No
80,125,132,No
81,90,34,No
82,84,12,No
83,73,64,No
84,80,24,No
85,109,56,No
86,116,117,No
87,98,78,No
88,113,49,No
89,50,95,No
90,53,58,No
1,115,99,No
2,139,87,No
3,118,50,No
3,111,35,No
4,119,3,No
5,115,78,No
6,120,18,No
7,122,20,No
8,102,99,No
9,117,99,No
10,140,141,No
11,86,46,No
12,89,120,No
13,80,92,No
14,76,59,No
15,99,59,No
16,73,145,No
16,80,74,No
18,158,52,No
19,127,32,No
20,107,5,No
21,80,74,No
22,79,13,No
23,75,81,No
24,79,69,No
25,85,18,No
26,81,14,No
27,158,67,No
28,183,104,No
29,100,23,No
30,160,121,No
31,88,72,No
32,77,83,No
33,92,51,No
34,168,113,No
35,85,55,No
36,77,67,No
36,81,69,No
37,82,13,No
38,84,12,No
39,75,19,No
40,76,75,No
41,113,14,No
42,83,49,No
43,74,118,No
45,82,107,No
46,77,53,No
47,74,81,No
48,74,92,No
48,80,49,No
51,71,36,No
52,75,4,No
53,78,78,No
54,77,77,No
55,82,15,No
56,80,10,No
57,81,62,No
58,72,72,No
59,145,104,No
60,99,68,No
61,134,46,No
62,132,47,No
63,131,115,No
64,79,71,No
65,163,80,No
66,148,35,No
67,70,6,No
68,70,137,No
69,73,76,No
69,74,62,No
70,75,11,No
70,71,38,No
71,79,8,No
72,68,60,No
73,80,102,No
74,73,107,No
75,72,64,No
76,74,82,No
77,80,70,No
78,70,48,No
79,77,78,No
80,70,78,No
81,72,75,No
82,67,15,No
83,83,82,No
86,84,86,No
87,79,8,No
88,81,13,No
89,88,70,No
90,81,78,No
91,100,107,No
92,106,15,No
93,83,50,No
94,76,129,No
95,81,62,No
96,78,122,No
97,76,96,No
1,131,77,No
2,128,72,No
3,118,33,No
4,121,4,No
5,115,21,No
6,115,22,No
7,112,12,No
8,91,16,No
9,88,126,No
10,107,73,No
11,90,101,No
12,138,78,No
12,74,80,No
14,88,6,No
15,155,111,No
16,106,51,No
17,130,76,No
18,186,18,No
19,102,20,No
20,121,13,No
21,88,7,No
23,175,71,No
24,113,107,No
25,81,98,No
26,86,13,No
27,77,46,No
28,70,119,No
29,85,54,No
30,85,107,No
31,110,58,No
32,95,75,No
33,157,88,No
35,77,38,No
36,77,12,No
37,92,72,No
38,84,8,No
38,88,19,No
39,74,88,No
41,86,108,No
42,117,108,No
43,76,16,No
44,70,49,No
45,77,51,No
46,81,62,No
47,70,58,No
47,70,71,No
48,108,84,No
50,78,44,No
51,84,4,No
52,88,66,No
53,80,11,No
54,72,76,No
55,70,17,No
57,92,17,No
58,83,8,No
59,74,24,No
60,87,93,No
61,80,15,No
62,87,54,No
63,119,118,No
64,96,54,No
65,124,109,No
66,120,68,No
67,143,78,No
68,85,48,No
69,161,48,No
70,103,39,No
71,79,75,No
72,80,20,No
73,160,78,No
74,83,12,No
75,93,111,No
76,91,13,No
77,164,16,No
78,78,90,No
79,107,108,No
80,101,11,No
81,74,46,No
82,85,121,No
83,87,54,No
84,79,101,No
84,71,51,No
85,73,3,No
86,77,6,No
87,111,75,No
88,62,73,No
89,71,11,No
90,74,10,No
91,124,10,No
92,142,8,No
93,104,69,No
94,86,15,No
1,120,48,No
2,121,130,No
3,117,74,No
4,120,80,No
5,115,108,No
6,120,56,No
7,114,37,No
8,112,31,No
10,47,18,No
11,50,79,No
12,53,16,No
13,52,12,No
14,51,136,No
15,49,133,No
17,47,12,No
17,49,18,No
19,52,80,No
20,55,109,No
21,48,10,No
22,46,46,No
23,46,108,No
24,48,92,No
24,52,74,No
25,47,70,No
27,47,70,No
27,51,69,No
28,46,14,No
29,64,73,No
30,50,18,No
31,54,7,No
32,56,11,No
33,49,62,No
34,49,127,No
35,47,107,No
36,46,51,No
37,48,124,No
38,49,80,No
39,44,111,No
41,46,114,No
42,48,77,No
43,49,81,No
44,54,49,No
45,51,50,No
46,49,36,No
46,50,34,No
48,56,5,No
49,51,78,No
50,48,19,No
50,48,73,No
51,44,10,No
55,48,3,No
57,49,49,No
58,51,113,No
59,52,114,No
60,50,11,No
61,46,114,No
62,49,90,No
63,47,113,No
64,50,124,No
65,44,82,No
66,49,77,No
67,47,51,No
68,49,32,No
70,46,3,No
71,47,69,No
72,50,11,No
73,47,80,No
74,50,15,No
75,49,8,No
76,47,35,No
77,49,105,No
78,47,100,No
79,48,35,No
80,48,46,No
80,45,91,No
82,49,104,No
83,47,76,No
84,47,70,No
85,47,54,No
86,47,5,No
87,45,83,No
88,47,20,No
88,45,80,No
90,49,11,No
91,49,7,No
92,50,16,No
93,45,50,No
94,41,120,No
95,43,50,No
96,45,107,No
96,45,99,No
97,44,100,No
98,44,79,No
99,44,74,No
101,44,76,No
102,43,49,No
103,45,37,No
104,48,83,No
105,50,20,No
106,48,71,No
107,49,13,No
107,50,16,No
108,51,22,No
109,54,22,No
110,53,27,No
110,49,91,No
112,49,104,No
0,117,10,No
2,116,49,No
3,122,133,No
3,118,72,No
5,118,83,No
7,118,117,No
10,50,48,No
10,41,37,No
14,138,33,No
16,44,3,No
17,30,75,No
19,39,71,No
20,41,20,No
20,32,35,No
22,39,108,No
23,31,19,No
25,35,49,No
27,38,72,No
28,34,101,No
29,31,61,No
31,37,58,No
32,33,113,No
34,32,86,No
33,35,46,No
35,39,32,No
35,34,6,No
37,31,75,No
38,34,15,No
40,37,11,No
41,32,69,No
42,37,11,No
42,33,73,No
43,37,69,No
45,32,7,No
46,36,64,No
46,34,128,No
48,37,102,No
48,31,106,No
50,39,14,No
52,38,69,No
54,33,106,No
56,35,62,No
57,36,76,No
59,32,37,No
60,35,4,No
61,39,76,No
62,38,78,No
64,34,11,No
65,31,14,No
66,33,82,No
67,35,205,No
69,39,14,No
70,35,47,No
71,32,118,No
73,34,67,No
74,37,107,No
75,38,55,No
78,36,75,No
78,33,74,No
78,32,44,No
81,31,147,No
82,33,86,No
82,36,78,No
84,39,17,No
85,37,8,No
87,35,16,No
87,33,145,No
88,31,75,No
89,29,96,No
90,33,51,No
91,34,56,No
91,35,124,No
93,34,101,No
94,31,69,No
94,33,84,No
96,35,84,No
97,38,88,No
98,34,49,No
100,31,34,No
101,34,5,No
102,36,70,No
104,35,12,No
105,29,15,No
105,33,12,No
106,34,83,No
108,37,13,No
112,34,97,No
112,33,94,No
113,34,84,No
114,37,82,No
115,34,92,No
117,41,48,No
118,42,31,No
120,36,6,No
121,30,71,No
124,31,11,No
127,36,83,No
128,32,93,No
130,35,12,No
131,38,12,No
133,34,82,No
135,30,13,No
135,35,10,No
137,37,117,No
138,35,103,No
139,33,19,No
140,29,53,No
141,32,48,No
143,35,101,No
145,35,105,No
146,33,63,No
149,31,77,No
150,34,81,No
151,37,77,No
152,34,46,No
154,31,72,No
156,34,13,No
157,35,83,No
160,37,49,No
162,33,83,No
164,31,139,No
166,34,39,No
168,36,54,No
170,34,124,No
171,31,79,No
173,32,61,No
174,36,85,No
176,36,77,No
176,33,47,No
179,31,39,No
179,33,34,No
180,39,65,No
181,37,10,No
183,35,89,No
185,30,20,No
186,33,17,No
187,37,105,No
189,34,111,No
190,30,8,No
192,32,51,No
194,39,124,No
195,44,74,No
196,40,117,No
197,38,69,No
199,33,168,No
200,31,49,No
201,27,32,No
203,31,3,No
205,34,71,No
207,37,10,No
208,33,85,No
209,30,22,No
209,32,5,No
212,34,14,No
212,37,76,No
215,36,107,No
216,33,108,No
218,29,13,No
218,31,53,No
219,34,72,No
220,36,109,No
222,37,68,No
224,35,92,No
226,30,157,No
227,35,49,No
228,34,35,No
229,30,6,No
230,31,66,No
230,33,9,No
233,37,126,No
234,35,11,No
235,30,14,No
236,33,76,No
238,36,141,No
240,36,105,No
240,33,105,No
241,29,19,No
241,30,56,No
243,34,122,No
244,34,79,No
245,35,104,No
251,29,77,No
252,29,95,No
3,7,56,No
5,8,33,No
8,9,7,No
10,19,80,No
11,15,23,No
13,13,76,No
14,32,51,No
15,109,32,No
16,15,16,No
17,9,76,No
19,8,104,No
19,4,12,No
21,4,52,No
23,8,128,No
24,6,78,No
24,4,51,No
26,4,88,No
27,5,110,No
28,3,54,No
30,6,37,No
31,4,4,No
32,7,66,No
33,6,13,No
34,3,19,No
37,6,87,No
38,5,112,No
40,4,103,No
41,6,120,No
42,3,80,No
44,5,110,No
45,3,142,No
46,5,142,No
49,3,160,No
49,6,85,No
51,4,50,No
53,6,6,No
54,4,70,No
56,6,9,No
57,4,89,No
59,5,94,No
60,3,87,No
62,5,16,No
63,4,32,No
63,3,100,No
64,4,172,No
67,4,99,No
71,3,101,No
72,3,19,No
74,3,56,No
75,3,46,No
76,4,43,No
78,3,123,No
79,4,124,No
80,3,72,No
82,4,119,No
83,3,133,No
84,4,100,No
85,3,85,No
86,4,64,No
87,2,31,No
89,6,70,No
90,3,8,No
92,6,15,No
93,2,7,No
95,4,13,No
97,1,32,No
98,3,92,No
100,2,103,No
102,4,56,No
104,1,72,No
105,3,101,No
107,3,56,No
107,5,183,No
110,3,70,No
111,4,46,No
113,1,34,No
114,5,3,No
115,3,70,No
116,5,9,No
119,3,8,No
121,5,87,No
123,3,88,No
125,5,19,No
126,2,12,No
128,5,97,No
129,2,100,No
130,5,9,No
133,3,56,No
135,6,138,No
136,2,125,No
138,5,72,No
138,3,97,No
140,5,112,No
142,0,158,No
143,5,77,No
144,3,47,No
145,5,51,No
146,2,38,No
147,5,5,No
148,2,67,No
151,5,10,No
152,3,94,No
154,4,19,No
155,2,64,No
157,4,92,No
159,2,163,No
160,5,71,No
162,2,51,No
163,5,69,No
165,0,106,No
166,5,113,No
167,2,109,No
169,5,81,No
170,3,86,No
172,5,4,No
173,2,66,No
175,4,10,No
176,2,105,No
177,3,20,No
179,3,71,No
182,3,13,No
185,3,23,No
186,4,87,No
189,4,97,No
191,4,103,No
195,4,64,No
198,7,127,No
201,3,85,No
203,3,81,No
205,4,47,No
207,3,35,No
208,3,76,No
210,2,13,No
212,2,24,No
214,2,21,No
215,2,75,No
217,2,23,No
217,2,72,No
218,2,140,No
220,3,101,No
221,4,28,No
222,5,46,No
223,6,129,No
224,7,73,No
227,10,97,No
227,10,136,No
227,10,79,No
228,7,113,No
228,7,48,No
229,5,52,No
229,5,6,No
231,4,4,No
231,4,78,No
236,2,73,No
236,2,9,No
236,2,94,No
240,2,14,No
242,1,78,No
243,1,67,No
246,1,90,No
249,2,102,No
250,2,70,No
1,127,51,No
2,118,135,No
3,124,72,No
4,112,98,No
5,123,114,No
6,112,75,No
7,72,175,No
8,77,46,No
9,101,31,No
10,93,8,No
11,154,10,No
12,131,85,No
13,79,14,No
14,89,10,No
15,76,10,No
16,89,75,No
17,75,101,No
18,78,25,No
19,72,49,No
21,66,68,No
21,72,106,No
22,70,60,No
24,78,79,No
24,73,46,No
25,76,39,No
26,66,70,No
27,67,12,No
28,70,9,No
29,70,91,No
30,70,19,No
31,66,78,No
32,80,16,No
33,66,106,No
34,71,56,No
35,65,51,No
36,72,110,No
37,71,67,No
38,70,98,No
39,147,106,No
40,76,54,No
41,75,80,No
42,75,88,No
43,83,48,No
44,83,4,No
45,69,66,No
46,78,72,No
47,69,13,No
49,75,87,No
49,73,94,No
50,75,11,No
51,66,13,No
53,111,13,No
55,78,111,No
55,78,17,No
55,75,51,No
56,137,114,No
57,78,68,No
58,113,77,No
59,74,107,No
60,78,121,No
61,106,55,No
62,86,41,No
63,111,32,No
64,83,11,No
65,66,96,No
66,67,12,No
67,70,21,No
68,72,15,No
69,67,12,No
69,73,48,No
70,74,51,No
71,75,128,No
72,75,72,No
73,75,102,No
75,73,127,No
76,73,102,No
76,75,52,No
77,112,39,No
78,76,8,No
79,92,4,No
80,75,72,No
81,69,12,No
82,75,10,No
83,112,60,No
84,88,119,No
85,77,79,No
87,90,111,No
88,91,61,No
89,91,52,No
91,83,120,No
1,15,88,No
2,11,96,No
2,16,61,No
3,12,158,No
4,12,186,No
5,19,78,No
5,17,12,No
6,10,86,No
6,9,82,No
7,8,11,No
8,13,15,No
9,45,40,No
10,36,15,No
11,85,60,No
12,71,97,No
13,14,98,No
14,20,17,No
15,14,76,No
16,29,52,No
17,10,130,No
18,12,47,No
19,12,49,No
19,10,30,No
20,11,9,No
21,13,75,No
22,12,10,No
22,9,96,No
23,10,11,No
24,9,100,No
25,13,61,No
26,10,75,No
27,10,18,No
28,9,58,No
28,8,53,No
29,8,124,No
30,9,64,No
31,13,92,No
32,23,71,No
33,9,73,No
34,10,80,No
35,10,106,No
36,13,44,No
37,11,15,No
38,12,89,No
39,86,29,No
41,15,85,No
41,11,24,No
43,20,95,No
44,20,75,No
45,11,25,No
46,19,56,No
47,14,136,No
48,18,59,No
49,11,91,No
50,20,65,No
51,11,99,No
52,12,155,No
53,51,49,No
54,21,109,No
55,15,76,No
57,77,14,No
57,15,82,No
58,55,86,No
59,13,19,No
60,18,112,No
61,43,119,No
62,24,97,No
63,46,102,No
64,22,98,No
65,11,78,No
66,9,46,No
67,9,120,No
68,6,76,No
69,8,100,No
70,5,96,No
70,6,62,No
70,8,76,No
71,7,88,No
72,8,51,No
72,8,138,No
72,8,32,No
74,6,89,No
74,7,20,No
74,7,76,No
74,15,21,No
75,7,37,No
76,14,13,No
77,45,11,No
79,17,84,No
79,24,101,No
80,14,43,No
81,14,49,No
83,37,84,No
84,14,69,No
85,10,80,No
85,10,52,No
87,7,13,No
87,12,79,No
88,14,14,No
89,13,19,No
89,10,112,No
89,8,41,No
91,7,41,No
91,8,8,No
1,128,103,No
2,137,105,No
3,129,36,No
5,126,46,No
5,115,112,No
7,130,69,No
7,69,125,No
9,59,92,No
10,73,68,No
10,67,89,No
11,72,138,No
12,74,74,No
14,76,53,No
15,82,131,No
16,85,71,No
15,86,74,No
17,96,12,No
18,86,56,No
18,82,22,No
20,96,17,No
21,87,105,No
21,94,77,No
22,91,46,No
23,85,82,No
24,94,68,No
26,105,86,No
27,94,90,No
28,87,50,No
28,88,15,No
30,89,154,No
30,94,85,No
30,87,72,No
32,76,15,No
33,126,10,No
34,85,12,No
35,89,51,No
36,83,68,No
37,83,86,No
37,93,140,No
39,78,107,No
40,78,47,No
41,69,50,No
42,71,41,No
43,71,19,No
44,80,93,No
45,80,36,No
46,73,73,No
47,73,67,No
48,79,18,No
50,78,8,No
51,76,84,No
52,72,94,No
53,76,15,No
55,82,15,No
55,86,51,No
56,76,132,No
56,62,69,No
58,67,119,No
58,69,119,No
59,81,78,No
61,132,117,No
62,75,88,No
62,95,101,No
63,65,45,No
64,69,59,No
66,73,18,No
67,78,8,No
68,80,10,No
69,94,91,No
70,76,83,No
71,81,98,No
72,79,46,No
73,68,63,No
74,68,102,No
75,66,91,No
76,74,112,No
77,82,9,No
78,72,77,No
79,72,13,No
80,76,11,No
81,76,12,No
81,68,10,No
83,71,105,No
84,62,11,No
85,68,46,No
86,72,109,No
87,75,57,No
88,70,78,No
89,81,122,No
90,78,112,No
91,78,114,No
92,81,118,No
93,85,72,No
94,80,8,No
95,89,130,No
96,87,69,No
97,112,13,No
98,66,10,No
99,71,19,No
101,78,116,No
1,17,111,No
2,27,118,No
3,20,120,No
4,7,115,No
5,12,120,No
6,21,112,No
7,13,10,No
8,11,9,No
9,18,21,No
11,15,110,No
12,12,8,No
13,19,12,No
14,21,112,No
15,19,117,No
16,24,8,No
17,11,115,No
18,11,122,No
18,15,128,No
20,12,120,No
21,11,113,No
22,19,126,No
23,14,115,No
24,14,115,No
25,24,115,No
25,21,118,No
26,20,8,No
27,19,123,No
28,19,19,No
29,15,17,No
31,19,126,No
32,51,115,No
33,11,12,No
34,22,4,No
35,20,14,No
37,12,125,No
37,12,120,No
39,17,113,No
40,11,114,No
41,11,107,No
42,20,117,No
43,13,124,No
43,16,122,No
44,11,119,No
45,15,121,No
46,10,120,No
47,18,112,No
48,16,12,No
48,12,7,No
49,10,11,No
50,12,128,No
51,17,112,No
51,17,8,No
53,18,128,No
53,20,115,No
54,22,115,No
55,8,121,No
56,11,118,No
57,10,111,No
58,13,118,No
59,69,117,No
60,20,122,No
61,34,118,No
61,12,7,No
63,15,124,No
64,9,12,No
65,12,129,No
66,14,20,No
67,39,3,No
68,26,112,No
69,17,106,No
70,21,9,No
70,12,123,No
71,9,132,No
72,9,116,No
73,9,129,No
74,9,139,No
74,11,128,No
75,11,121,No
75,9,116,No
76,10,118,No
76,11,11,No
77,13,16,No
77,16,137,No
78,18,27,No
79,14,14,No
80,10,10,No
80,10,13,No
81,10,126,No
82,9,102,No
83,9,112,No
84,12,11,No
85,8,6,No
86,9,127,No
87,7,105,No
87,10,126,No
88,8,123,No
88,9,115,No
89,9,131,No
89,13,120,No
90,19,127,No
91,13,15,No
92,9,128,No
93,20,17,No
93,16,107,No
95,56,16,No
96,17,111,No
97,9,121,No
98,11,117,No
1,309,266,Yes
2,280,255,Yes
3,268,276,Yes
4,345,259,Yes
5,337,279,Yes
6,292,332,Yes
7,327,350,Yes
8,281,348,Yes
9,293,321,Yes
10,327,299,Yes
11,309,332,Yes
12,287,254,Yes
13,338,317,Yes
14,266,343,Yes
15,268,298,Yes
16,341,296,Yes
17,251,335,Yes
18,259,349,Yes
19,272,313,Yes
20,346,265,Yes
21,267,350,Yes
22,261,281,Yes
23,348,342,Yes
24,288,305,Yes
25,349,273,Yes
26,328,292,Yes
27,342,274,Yes
28,289,327,Yes
29,291,259,Yes
30,341,251,Yes
31,315,258,Yes
32,254,323,Yes
33,292,324,Yes
34,251,315,Yes
35,255,274,Yes
36,262,334,Yes
37,281,303,Yes
38,320,339,Yes
39,337,339,Yes
40,264,333,Yes
41,343,327,Yes
42,281,314,Yes
43,251,273,Yes
44,293,265,Yes
45,289,266,Yes
46,349,337,Yes
47,324,253,Yes
48,326,279,Yes
49,295,267,Yes
50,345,300,Yes
51,319,264,Yes
52,310,267,Yes
53,265,307,Yes
54,269,295,Yes
55,327,275,Yes
56,255,283,Yes
57,299,302,Yes
58,257,333,Yes
59,306,294,Yes
60,284,322,Yes
61,350,293,Yes
62,281,288,Yes
63,344,332,Yes
64,314,289,Yes
65,295,260,Yes
66,261,255,Yes
67,342,325,Yes
68,323,342,Yes
69,291,336,Yes
70,344,292,Yes
71,272,309,Yes
72,272,339,Yes
73,342,340,Yes
74,280,307,Yes
75,304,282,Yes
76,320,289,Yes
77,325,256,Yes
78,274,324,Yes
79,322,345,Yes
80,302,328,Yes
81,344,317,Yes
82,251,307,Yes
83,295,309,Yes
84,333,349,Yes
85,268,255,Yes
86,332,251,Yes
87,295,277,Yes
88,295,250,Yes
89,293,349,Yes
90,302,338,Yes
91,341,326,Yes
92,322,271,Yes
93,257,317,Yes
94,343,288,Yes
95,333,254,Yes
96,272,316,Yes
97,272,320,Yes
98,323,285,Yes
99,316,349,Yes
100,338,280,Yes
101,280,278,Yes
102,340,297,Yes
103,329,336,Yes
104,257,273,Yes
105,322,306,Yes
106,311,280,Yes
107,310,302,Yes
108,258,292,Yes
109,316,347,Yes
110,302,276,Yes
111,335,275,Yes
112,284,273,Yes
113,306,345,Yes
114,288,308,Yes
115,253,322,Yes
116,283,307,Yes
117,323,265,Yes
118,341,328,Yes
119,306,323,Yes
120,348,287,Yes
121,316,262,Yes
122,255,346,Yes
123,275,325,Yes
124,334,294,Yes
125,325,271,Yes
126,260,263,Yes
127,319,267,Yes
128,286,262,Yes
129,316,299,Yes
130,260,275,Yes
131,266,270,Yes
132,283,268,Yes
133,345,312,Yes
134,316,324,Yes
135,274,344,Yes
136,274,281,Yes
137,328,336,Yes
138,277,278,Yes
139,330,282,Yes
140,322,288,Yes
141,307,271,Yes
142,290,273,Yes
143,265,316,Yes
144,275,279,Yes
145,250,294,Yes
146,338,303,Yes
147,279,269,Yes
148,331,339,Yes
149,309,348,Yes
150,323,299,Yes
151,331,273,Yes
152,340,343,Yes
153,304,347,Yes
154,313,290,Yes
155,326,317,Yes
156,326,295,Yes
157,307,335,Yes
158,256,326,Yes
159,327,309,Yes
160,333,302,Yes
161,345,321,Yes
162,275,307,Yes
163,285,287,Yes
164,298,278,Yes
165,309,265,Yes
166,296,271,Yes
167,347,343,Yes
168,335,298,Yes
169,278,336,Yes
170,344,321,Yes
171,257,322,Yes
172,311,284,Yes
173,281,346,Yes
174,279,299,Yes
175,349,322,Yes
176,290,347,Yes
177,320,301,Yes
178,251,318,Yes
179,344,344,Yes
180,270,327,Yes
181,263,314,Yes
182,347,265,Yes
183,344,344,Yes
184,269,281,Yes
185,294,288,Yes
186,335,285,Yes
187,298,321,Yes
188,327,327,Yes
189,310,283,Yes
190,263,341,Yes
191,262,257,Yes
192,317,324,Yes
193,268,279,Yes
194,290,263,Yes
195,330,294,Yes
196,296,303,Yes
197,340,277,Yes
198,293,301,Yes
199,294,261,Yes
200,345,264,Yes
1,167,215,No
2,175,159,No
3,183,212,No
4,165,188,No
5,213,163,No
6,175,212,No
7,210,200,No
8,188,194,No
9,167,153,No
10,220,161,No
11,177,215,No
12,200,199,No
13,214,163,No
14,209,173,No
15,162,172,No
16,197,217,No
17,167,211,No
18,207,212,No
19,183,158,No
20,206,171,No
21,169,187,No
22,220,163,No
23,213,204,No
24,199,158,No
25,219,157,No
26,150,195,No
27,206,175,No
28,181,187,No
29,158,196,No
30,211,216,No
31,170,213,No
32,190,163,No
33,213,184,No
34,200,210,No
35,168,218,No
36,192,164,No
37,170,212,No
38,168,216,No
39,199,198,No
40,160,194,No
41,206,182,No
42,219,217,No
43,161,177,No
44,163,184,No
45,193,161,No
46,171,150,No
47,153,190,No
48,199,177,No
49,164,181,No
50,197,203,No
51,168,176,No
52,178,211,No
53,207,204,No
54,153,159,No
55,165,199,No
56,191,158,No
57,178,205,No
58,215,161,No
59,152,195,No
60,185,180,No
61,197,181,No
62,150,197,No
63,174,182,No
64,161,208,No
65,173,181,No
66,164,150,No
67,216,218,No
68,177,150,No
69,219,216,No
70,177,220,No
71,217,170,No
72,199,179,No
73,176,220,No
74,170,214,No
75,179,175,No
76,168,163,No
77,219,216,No
78,191,165,No
79,201,207,No
80,158,200,No
81,157,219,No
82,150,217,No
83,162,193,No
84,189,170,No
85,180,216,No
86,155,191,No
87,209,153,No
88,150,169,No
89,187,189,No
90,168,165,No
91,204,197,No
92,155,179,No
93,159,152,No
94,165,165,No
95,153,197,No
96,153,158,No
97,156,219,No
98,219,162,No
99,174,213,No
100,197,168,No
101,157,180,No
102,174,183,No
103,166,207,No
104,158,156,No
105,216,150,No
106,174,201,No
107,203,166,No
108,154,209,No
1,169,163,No
2,237,193,No
3,199,162,No
4,215,183,No
5,186,170,No
6,171,160,No
7,163,208,No
8,204,202,No
9,235,190,No
10,229,226,No
11,188,192,No
12,163,161,No
13,171,203,No
14,238,167,No
15,233,165,No
16,169,229,No
17,199,230,No
18,167,237,No
19,227,236,No
20,208,208,No
21,162,200,No
22,194,207,No
23,229,182,No
24,221,198,No
25,215,190,No
26,225,226,No
27,213,209,No
28,204,224,No
29,210,196,No
30,185,177,No
31,216,207,No
32,227,165,No
33,160,238,No
34,191,237,No
35,201,195,No
36,187,192,No
37,229,231,No
38,191,191,No
39,203,174,No
40,168,214,No
41,233,184,No
42,174,199,No
43,194,228,No
44,191,237,No
45,167,221,No
46,191,225,No
47,194,222,No
48,208,238,No
49,187,169,No
50,199,167,No
51,218,188,No
52,183,166,No
53,222,207,No
54,238,180,No
55,224,167,No
56,197,167,No
57,206,177,No
58,218,177,No
59,213,221,No
60,212,207,No
61,162,213,No
62,236,211,No
63,219,181,No
64,177,175,No
65,178,194,No
66,201,192,No
67,163,189,No
68,199,211,No
69,187,182,No
70,180,182,No
71,195,219,No
72,188,182,No
73,186,232,No
74,205,221,No
75,168,195,No
76,190,203,No
77,228,192,No
78,206,163,No
79,232,170,No
80,236,185,No
81,204,205,No
82,193,235,No
83,162,205,No
84,162,192,No
85,207,201,No
86,237,193,No
87,220,176,No
88,213,189,No
89,171,215,No
90,167,193,No
91,218,206,No
92,193,209,No
93,169,219,No
94,215,228,No
95,176,166,No
96,177,238,No
97,218,218,No
98,229,224,No
1,109,123,No
2,140,100,No
3,102,103,No
4,100,105,No
5,134,125,No
6,102,114,No
7,112,129,No
8,111,125,No
9,135,120,No
10,120,136,No
11,128,125,No
12,122,110,No
13,104,102,No
14,126,138,No
15,108,134,No
16,111,139,No
17,139,130,No
18,106,119,No
19,137,113,No
20,101,123,No
21,114,113,No
22,137,140,No
23,120,110,No
24,127,120,No
25,102,131,No
26,110,123,No
27,102,112,No
28,112,105,No
29,104,131,No
30,102,138,No
31,131,105,No
32,104,103,No
33,105,116,No
34,125,124,No
35,134,124,No
36,136,130,No
37,131,119,No
38,103,115,No
39,100,108,No
40,134,139,No
41,114,114,No
42,119,128,No
43,113,115,No
44,118,106,No
45,135,120,No
46,115,101,No
47,100,114,No
48,135,126,No
49,106,130,No
50,101,133,No
51,129,130,No
52,124,118,No
53,138,131,No
54,135,107,No
55,131,110,No
56,110,128,No
57,137,124,No
58,107,129,No
59,110,100,No
60,139,131,No
61,139,110,No
62,119,133,No
63,119,118,No
64,113,127,No
65,138,106,No
66,109,114,No
67,124,131,No
68,107,124,No
69,125,140,No
70,103,106,No
71,136,119,No
72,115,111,No
73,134,140,No
74,115,108,No
75,118,133,No
76,103,107,No
77,127,117,No
78,128,129,No
79,131,102,No
80,102,135,No
81,129,105,No
82,125,114,No
83,140,136,No
84,119,116,No
85,100,100,No
86,124,140,No
87,105,134,No
88,123,138,No
89,119,126,No
90,118,106,No
91,131,108,No
92,107,124,No
93,109,116,No
94,119,130,No
95,135,101,No
96,140,113,No
97,111,130,No
98,119,103,No
99,118,140,No
100,113,128,No
101,131,133,No
102,127,117,No
103,132,132,No
104,127,120,No
105,104,120,No
106,136,139,No
107,119,119,No
108,137,128,No
109,109,136,No
110,123,101,No
111,117,120,No
112,119,123,No
113,114,133,No
114,282,294,No
1,274,250,No
2,282,266,No
3,297,263,No
4,263,254,No
5,284,279,No
6,278,251,No
7,299,287,No
8,274,250,No
9,268,268,No
10,280,251,No
11,282,278,No
12,262,254,No
13,297,251,No
14,275,251,No
15,267,287,No
16,258,260,No
17,296,265,No
18,263,272,No
19,255,289,No
20,289,251,No
21,268,298,No
22,285,267,No
23,261,260,No
24,260,251,No
25,261,298,No
26,276,275,No
27,288,287,No
28,273,265,No
29,282,292,No
30,297,257,No
31,266,250,No
32,282,253,No
33,300,280,No
34,285,270,No
35,263,281,No
36,287,300,No
37,298,285,No
38,287,303,No
39,303,259,No
40,269,272,No
41,281,297,No
42,275,298,No
43,291,268,No
44,287,272,No
45,282,302,No
46,256,272,No
47,303,301,No
48,291,282,No
49,257,260,No
50,260,284,No
51,301,255,No
52,260,251,No
53,256,276,No
54,251,272,No
55,266,280,No
56,296,266,No
57,260,301,No
58,270,274,No
59,291,265,No
60,302,271,No
61,264,289,No
62,292,269,No
63,254,298,No
64,251,294,No
65,259,283,No
66,268,264,No
67,297,268,No
68,293,264,No
69,282,290,No
70,290,294,No
71,283,287,No
72,298,265,No
73,287,270,No
74,266,255,No
75,302,259,No
76,291,262,No
77,262,273,No
78,256,272,No
79,252,301,No
80,299,261,No
81,284,283,No
82,258,283,No
83,271,290,No
84,289,278,No
85,302,299,No
86,278,264,No
87,302,293,No
88,271,250,No
89,259,264,No
90,260,295,No
91,287,266,No
92,286,286,No
93,262,261,No
94,274,278,No
95,252,300,No
96,303,295,No
97,288,302,No
98,294,282,No
99,271,272,No
100,279,289,No
101,254,251,No
102,250,283,No
103,264,296,No
104,261,255,No
105,261,252,No
106,257,296,No
107,254,295,No
108,256,256,No
109,281,292,No
110,277,275,No
111,264,264,No
112,295,267,No
113,302,293,No
114,303,290,No
115,281,281,No
116,279,296,No
117,250,286,No
118,263,274,No
119,286,295,No
120,294,296,No
121,263,262,No
122,255,281,No
123,261,266,No
124,256,303,No
125,259,270,No
126,296,263,No
127,271,257,No
128,290,272,No
129,283,269,No
130,301,302,No
131,265,287,No
132,271,280,No
133,303,271,No
134,252,252,No
135,278,290,No
136,279,262,No
137,303,260,No
138,284,251,No
139,262,291,No
140,271,253,No
141,278,264,No
142,257,278,No
1,278,291,No
2,277,277,No
3,286,259,No
4,251,258,No
5,265,275,No
6,285,293,No
7,293,302,No
8,251,275,No
9,263,275,No
10,281,294,No
11,169,176,No
12,195,192,No
13,164,180,No
14,166,168,No
15,168,189,No
16,179,182,No
17,178,178,No
18,167,189,No
19,165,204,No
20,176,197,No
21,161,168,No
22,200,179,No
23,177,199,No
24,173,195,No
25,193,191,No
26,167,198,No
27,187,193,No
28,188,186,No
29,180,202,No
30,163,186,No
31,191,164,No
32,161,172,No
33,184,184,No
34,172,189,No
35,163,205,No
36,180,175,No
37,200,175,No
38,205,193,No
39,203,162,No
40,198,169,No
41,193,193,No
42,203,181,No
43,172,169,No
44,175,199,No
45,166,170,No
46,204,162,No
47,167,182,No
48,195,174,No
49,161,203,No
50,177,197,No
51,182,205,No
52,170,171,No
53,173,196,No
54,171,168,No
55,176,163,No
56,167,203,No
57,195,190,No
58,196,198,No
59,195,167,No
60,185,183,No
61,173,180,No
62,182,196,No
63,201,200,No
64,196,202,No
65,162,203,No
66,201,163,No
67,168,177,No
68,200,188,No
69,192,204,No
70,161,200,No
71,199,203,No
72,160,161,No
73,164,195,No
74,187,176,No
75,169,171,No
76,175,178,No
77,163,166,No
78,176,199,No
79,180,178,No
80,189,181,No
81,174,172,No
82,181,203,No
83,167,194,No
84,204,165,No
85,166,161,No
86,175,200,No
87,163,199,No
88,179,163,No
89,184,187,No
90,197,189,No
91,177,197,No
92,191,199,No
93,199,169,No
94,201,193,No
95,199,193,No
96,167,161,No
1,204,185,No
2,185,171,No
3,203,172,No
4,186,199,No
5,185,202,No
6,164,184,No
7,166,196,No
8,323,304,No
9,301,321,No
10,290,297,No
11,305,287,No
12,318,314,No
13,304,307,No
14,294,297,No
15,303,288,No
16,298,294,No
17,315,282,No
18,281,299,No
19,280,287,No
20,292,303,No
21,314,310,No
22,317,282,No
23,176,180,No
24,147,149,No
25,154,153,No
26,153,176,No
27,170,161,No
28,148,155,No
29,170,175,No
30,158,176,No
31,161,171,No
32,160,147,No
33,179,155,No
34,169,177,No
35,175,150,No
36,156,142,No
37,179,150,No
38,162,144,No
39,167,142,No
40,149,151,No
41,167,180,No
42,177,151,No
43,152,150,No
44,162,160,No
45,144,179,No
46,151,148,No
47,154,161,No
48,152,165,No
49,148,154,No
50,143,178,No
51,160,167,No
52,171,156,No
53,168,180,No
54,165,167,No
55,171,151,No
56,154,144,No
57,176,148,No
58,143,164,No
59,158,150,No
60,178,142,No
61,156,158,No
62,144,170,No
63,161,159,No
64,169,180,No
65,142,162,No
66,169,154,No
67,148,175,No
68,166,151,No
69,146,175,No
70,174,177,No
71,177,179,No
72,140,150,No
73,153,172,No
74,174,165,No
75,158,176,No
76,149,150,No
77,169,163,No
78,146,162,No
79,153,153,No
80,170,148,No
81,168,173,No
82,145,176,No
83,158,157,No
84,160,168,No
85,143,174,No
86,160,148,No
87,154,177,No
88,166,165,No
89,158,163,No
90,150,170,No
91,160,174,No
92,174,141,No
93,144,142,No
94,173,147,No
95,177,150,No
96,161,171,No
97,176,158,No
98,159,155,No
99,179,145,No
100,162,149,No
101,178,177,No
102,179,158,No
103,140,164,No
104,170,149,No
105,171,156,No
106,178,145,No
107,163,172,No
108,169,140,No
109,144,147,No
110,179,164,No
111,177,166,No
112,154,180,No
1,156,149,No
2,145,159,No
3,166,174,No
4,156,168,No
5,162,151,No
6,161,168,No
7,144,155,No
8,175,163,No
9,155,176,No
10,152,149,No
11,167,143,No
12,169,176,No
13,180,163,No
14,143,176,No
15,167,156,No
16,156,170,No
17,155,162,No
18,159,160,No
19,173,154,No
20,178,150,No
21,157,165,No
22,148,161,No
23,141,168,No
24,170,178,No
25,165,144,No
26,299,291,No
27,279,283,No
28,260,283,No
29,279,283,No
30,298,268,No
31,282,263,No
32,269,274,No
33,280,277,No
34,272,288,No
35,291,279,No
36,264,261,No
37,261,287,No
38,273,269,No
39,281,298,No
40,294,286,No
41,292,274,No
42,279,261,No
43,293,292,No
44,297,267,No
45,282,268,No
46,262,282,No
47,295,274,No
48,278,271,No
49,268,289,No
50,270,286,No
51,287,265,No
52,172,172,No
53,176,190,No
54,170,187,No
55,183,189,No
56,188,189,No
57,176,171,No
58,176,173,No
59,182,176,No
60,184,171,No
61,171,177,No
62,180,184,No
63,171,188,No
64,178,172,No
65,189,175,No
66,174,176,No
67,177,182,No
68,177,183,No
69,171,171,No
70,181,179,No
71,186,186,No
72,182,188,No
73,176,171,No
74,178,175,No
75,189,181,No
76,183,177,No
77,190,189,No
78,184,175,No
79,176,185,No
80,179,182,No
81,179,170,No
82,172,190,No
83,170,175,No
84,175,186,No
85,178,171,No
86,190,182,No
87,174,178,No
88,177,173,No
89,189,177,No
90,177,184,No
91,184,185,No
92,182,176,No
93,189,175,No
94,171,179,No
95,188,190,No
96,184,190,No
97,183,189,No
98,185,175,No
99,179,182,No
100,182,184,No
101,190,183,No
102,187,181,No
103,186,177,No
104,280,260,No
105,300,298,No
106,200,269,No
107,128,92,No
108,113,121,No
109,106,122,No
110,92,127,No
111,93,97,No
112,98,99,No
113,117,98,No
114,93,115,No
115,103,109,No
116,114,92,No
117,124,126,No
118,125,99,No
119,110,128,No
120,123,95,No
121,97,95,No
122,128,95,No
123,93,102,No
124,93,126,No
125,104,114,No
126,116,95,No
127,118,90,No
128,93,105,No
129,121,115,No
130,91,119,No
131,106,124,No
132,95,95,No
133,95,99,No
134,93,103,No
135,110,119,No
136,91,99,No
137,96,94,No
138,126,95,No
139,93,102,No
140,120,113,No
141,94,113,No
142,123,123,No
143,115,120,No
144,106,108,No
145,94,125,No
146,108,91,No
147,91,117,No
148,125,91,No
149,99,106,No
150,120,91,No
151,96,92,No
152,94,109,No
153,115,93,No
154,106,118,No
155,127,90,No
156,110,93,No
157,112,94,No
158,90,91,No
159,93,125,No
160,97,107,No
161,90,100,No
162,92,108,No
163,102,92,No
164,113,123,No
165,93,110,No
166,108,127,No
167,108,98,No
168,100,126,No
169,113,124,No
170,97,103,No
171,95,104,No
172,115,96,No
173,109,97,No
174,98,120,No
175,127,93,No
176,117,128,No
177,126,92,No
178,121,110,No
179,125,127,No
180,121,113,No
181,124,103,No
182,93,92,No
1,127,110,No
2,125,98,No
3,122,109,No
4,111,90,No
5,97,94,No
6,103,92,No
7,203,240,No
8,213,225,No
9,223,223,No
10,210,237,No
11,227,238,No
12,231,227,No
13,221,200,No
14,201,219,No
15,228,219,No
16,232,204,No
17,231,204,No
18,205,234,No
19,200,235,No
20,214,201,No
21,218,216,No
22,210,204,No
23,218,209,No
24,212,206,No
25,233,208,No
26,220,217,No
27,237,216,No
28,210,216,No
29,227,212,No
30,224,206,No
31,227,220,No
32,228,204,No
33,226,200,No
34,221,205,No
35,229,214,No
36,222,239,No
37,232,237,No
38,216,216,No
39,209,225,No
40,233,239,No
41,238,208,No
42,224,219,No
43,216,238,No
44,228,200,No
45,214,209,No
46,214,217,No
47,212,203,No
48,204,232,No
49,225,222,No
50,204,225,No
51,207,205,No
52,231,218,No
53,234,207,No
54,222,236,No
55,216,225,No
56,225,209,No
57,218,225,No
58,205,234,No
59,208,220,No
60,219,212,No
61,211,230,No
62,237,239,No
63,235,221,No
64,213,234,No
65,222,234,No
66,224,201,No
67,211,225,No
68,206,236,No
69,211,240,No
70,230,216,No
71,229,216,No
72,218,204,No
73,235,229,No
74,228,225,No
75,221,223,No
76,213,219,No
77,238,236,No
78,235,231,No
79,225,218,No
80,215,212,No
81,214,237,No
82,233,208,No
83,238,233,No
84,219,211,No
85,213,222,No
86,230,204,No
87,240,213,No
88,209,237,No
89,231,214,No
90,235,233,No
91,240,210,No
92,228,219,No
93,237,227,No
94,219,225,No
